date,tavg,tmin,tmax,prcp,snow,wdir,wspd,wpgt,pres,tsun
2023-01-01 00:00:00,11.6,9,19,0,,,0.2,,1020.6,
2023-01-02 00:00:00,10.6,5.2,17,0,,,0.2,,1022.2,
2023-01-03 00:00:00,9.5,4.2,14,0,,,0.5,,1023.6,
2023-01-04 00:00:00,10,5.2,15,0,,,0.4,,1023.7,
2023-01-05 00:00:00,8,5,13,0,,,0.4,,1024.6,
2023-01-06 00:00:00,8.5,6,12,0,,,0.7,,1025.4,
2023-01-07 00:00:00,9.1,6.2,12,0,,,0.6,,1023.7,
2023-01-08 00:00:00,11.6,6.2,16,0,,,0.5,,1020.6,
2023-01-09 00:00:00,10.8,6.6,16.8,0,,,0.5,,1020.9,
2023-01-10 00:00:00,11.7,6.8,15.8,0,,,0.7,,1020.4,
2023-01-11 00:00:00,11.1,9,14.5,0,,,1.1,,1015.3,
2023-01-12 00:00:00,12.4,9.2,17.5,0,,,1.4,,1013.4,
2023-01-13 00:00:00,11.2,9.8,14,0,,,1.6,,1014.4,
2023-01-14 00:00:00,9.8,5,17.5,0,,,3.6,,1018.4,
2023-01-15 00:00:00,10.7,4.2,18,0,,,1.5,,1016.6,
2023-01-16 00:00:00,10.8,5,19,0,,,1.9,,1017.3,
2023-01-17 00:00:00,10.2,3.7,19,0,,,1.9,,1018.1,
2023-01-18 00:00:00,12.2,5,18.5,0,,,0.8,,1019.9,
2023-01-19 00:00:00,14.3,7.5,20.5,0,,,2.1,,1020.1,
2023-01-20 00:00:00,12.1,8.5,15.2,0,,,1.6,,1019.6,
2023-01-21 00:00:00,14,8.9,19,0,,,2.9,,1019.3,
2023-01-22 00:00:00,15.2,9.4,19.5,0,,,3.2,,1017.9,
2023-01-23 00:00:00,14.3,11.1,20,0,,,6.5,,1018,
2023-01-24 00:00:00,13.7,9,18.2,0,,,2,,1015.1,
2023-01-25 00:00:00,12.8,11,17,2.3,,,2.4,,1016.8,
2023-01-26 00:00:00,11.2,5.6,18.6,0,,,3.2,,1020.2,
2023-01-27 00:00:00,12.6,5.8,20.5,0,,,1.4,,1019.9,
2023-01-28 00:00:00,13.6,6,21.6,0,,,1.1,,1016.2,
2023-01-29 00:00:00,13.6,7.8,18.5,0,,,3.7,,1013.6,
2023-01-30 00:00:00,14.6,8,18.5,2,,,3.8,,1018,
2023-01-31 00:00:00,15.8,9,20,4.1,,,2.9,,1021,
2023-02-01 00:00:00,15.9,8,22.5,0,,,3.6,,1019.3,
2023-02-02 00:00:00,16.2,8.4,23.6,0,,,1.8,,1017.2,
2023-02-03 00:00:00,17.6,9.7,25.2,0,,,1.2,,1016.5,
2023-02-04 00:00:00,19.5,10.8,25.8,0,,,2.2,,1014.4,
2023-02-05 00:00:00,18.2,11.2,25.5,0,,,1.4,,1012.4,
2023-02-06 00:00:00,18.7,12.6,24.6,0,,,3.5,,1012.4,
2023-02-07 00:00:00,17.4,11.2,23.6,0,,,4.8,,1013,
2023-02-08 00:00:00,16.9,11.5,23.5,0,,,1.2,,1014.1,
2023-02-09 00:00:00,16.9,12.4,21.3,0,,,2.4,,1011.6,
2023-02-10 00:00:00,17.4,12.2,25,0,,,3.1,,1011,
2023-02-11 00:00:00,17.2,12.2,23,0,,,4.7,,1014.6,
2023-02-12 00:00:00,15.8,9.2,21.2,0,,,5.5,,1019.3,
2023-02-13 00:00:00,16,9,22.4,0,,,4.5,,1017.6,
2023-02-14 00:00:00,17.3,9.8,25.5,0,,,1.7,,1016.2,
2023-02-15 00:00:00,19.6,11.2,27.6,0,,,2.4,,1013.7,
2023-02-16 00:00:00,21.5,12.6,29.4,0,,,0.8,,1014.2,
2023-02-17 00:00:00,19.6,13.2,27.4,0,,,0.6,,1016,
2023-02-18 00:00:00,19.3,13.5,28.5,0,,,0.8,,1014.8,
2023-02-19 00:00:00,21.9,14,28,0,,,0.8,,1013.3,
2023-02-20 00:00:00,21.5,18.2,27.5,0,,,3.4,,1010.3,
2023-02-21 00:00:00,19.9,14.2,28,0,,,2.4,,1011.9,
2023-02-22 00:00:00,21.6,14,27.5,0,,,1.8,,1013.1,
2023-02-23 00:00:00,20.4,13.5,28.6,0,,,3.5,,1013.4,
2023-02-24 00:00:00,21.2,15.6,29.4,0,,,1.4,,1014.4,
2023-02-25 00:00:00,21,14.3,29,0,,,1.2,,1015.8,
2023-02-26 00:00:00,20.3,15.5,28.8,0,,,1.4,,1018,
2023-02-27 00:00:00,21.4,14.8,29.5,0,,,1.8,,1018,
2023-02-28 00:00:00,20.3,15.4,23.5,0.8,,,2.4,,1018.3,
2023-03-01 00:00:00,21.1,16,26,1,,,3.8,,1020.2,
2023-03-02 00:00:00,22.2,15.8,27.8,0,,,4.8,,1020.3,
2023-03-03 00:00:00,23,16.8,27,0,,,4,,1020.5,
2023-03-04 00:00:00,23.2,16.5,28.5,0,,,2.2,,1019.6,
2023-03-05 00:00:00,22.8,17.9,28.5,0,,,2.8,,1018.8,
2023-03-06 00:00:00,21.2,16.6,29.5,0,,,2.1,,1016,
2023-03-07 00:00:00,21.8,16,29.5,0,,,2.5,,1015.3,
2023-03-08 00:00:00,23,16,30.2,0,,,2.1,,1015.6,
2023-03-09 00:00:00,23.6,16.2,30.5,0,,,1.4,,1016.4,
2023-03-10 00:00:00,23.2,16.2,30.5,0,,,2,,1015.3,
2023-03-11 00:00:00,23.2,16.2,31.5,0,,,0.8,,1014.5,
2023-03-12 00:00:00,23.3,17,31,0,,,1,,1014.6,
2023-03-13 00:00:00,24.3,17.5,31.5,0,,,2.5,,1013.5,
2023-03-14 00:00:00,24.7,17.5,31.5,0,,,1.9,,1010.3,
2023-03-15 00:00:00,25.4,20.5,31.1,0,,,2.4,,1008.6,
2023-03-16 00:00:00,23.4,19,31.8,0,,,5.5,,1009.7,
2023-03-17 00:00:00,18.5,16,21.3,9.9,,,5.6,,1013,
2023-03-18 00:00:00,19.4,15.2,24,0,,,2.2,,1012.2,
2023-03-19 00:00:00,21.2,16,25.5,1,,,1.4,,1010,
2023-03-20 00:00:00,19.3,17.9,25,0,,,2.2,,1007.9,
2023-03-21 00:00:00,19.6,14.6,25.3,4.3,,,2.8,,1009.2,
2023-03-22 00:00:00,21.6,16,26.5,0,,,1.3,,1010.3,
2023-03-23 00:00:00,22.2,16.2,27.5,0,,,2.8,,1009.4,
2023-03-24 00:00:00,17.9,16.5,23.5,0,,,4.6,,1008.6,
2023-03-25 00:00:00,18.3,13.5,23.8,45,,,6.7,,1012,
2023-03-26 00:00:00,19.6,13.8,25.5,0,,,4,,1013,
2023-03-27 00:00:00,21.6,15.5,28,0,,,1.8,,1010.9,
2023-03-28 00:00:00,23.1,16.6,29.6,0,,,1.4,,1010.1,
2023-03-29 00:00:00,23.8,17.2,30,0,,,2.9,,1010.6,
2023-03-30 00:00:00,22.3,19.6,29.8,0,,,5.9,,1009.5,
2023-03-31 00:00:00,18.3,17,22.2,15.7,,,4,,1008.4,
2023-04-01 00:00:00,18.2,14.5,22,56.9,,,2.4,,1009.7,
2023-04-02 00:00:00,20.2,14.8,26.2,0,,,1.3,,1009.2,
2023-04-03 00:00:00,19,15.5,23.7,7.9,,,4,,1008.1,
2023-04-04 00:00:00,21.9,14.6,29,1.8,,,4.2,,1010.5,
2023-04-05 00:00:00,21.4,16.5,30,0,,,4.3,,1010.8,
2023-04-06 00:00:00,22.8,16,30.6,1,,,2.4,,1013,
2023-04-07 00:00:00,24.4,17.8,32,0,,,4.2,,1014.5,
2023-04-08 00:00:00,24.9,19.5,33,0,,,2.1,,1014.1,
2023-04-09 00:00:00,24.7,18.8,33.3,0,,,2.1,,1014.1,
2023-04-10 00:00:00,26.2,19,35.2,0,,,2.4,,1012,
2023-04-11 00:00:00,27.9,21,35.4,0,,,2.6,,1011.2,
2023-04-12 00:00:00,28.1,22.6,35.5,0,,,2.5,,1010.5,
2023-04-13 00:00:00,30.3,22.8,38,0,,,3.2,,1008.8,
2023-04-14 00:00:00,30.9,22.5,39,0,,,2.5,,1007.3,
2023-04-15 00:00:00,31.1,24,39.2,0,,,2.6,,1006.4,
2023-04-16 00:00:00,29.7,22.8,39,0,,,3.6,,1005.7,
2023-04-17 00:00:00,31.8,25.5,38.5,0,,,3.6,,1005.8,
2023-04-18 00:00:00,29.4,24.6,35,0,,,6.6,,1007.4,
2023-04-19 00:00:00,26.8,21.8,31.8,0,,,6.6,,1006.8,
2023-04-20 00:00:00,23.8,19.2,32.5,0,,,5.9,,1004.4,
2023-04-21 00:00:00,26.2,18,32.2,0,,,6.5,,1005.1,
2023-04-22 00:00:00,24.2,18.8,31,0,,,5.2,,1006.8,
2023-04-23 00:00:00,25.3,18.5,33.5,0,,,2.7,,1007,
2023-04-24 00:00:00,29,19,35.4,0,,,1,,1009.1,
2023-04-25 00:00:00,28.4,20.5,35.3,0,,,2,,1009.9,
2023-04-26 00:00:00,28.3,21.5,36.3,0,,,2.2,,1007.4,
2023-04-27 00:00:00,27,22.7,33.5,0,,,6.6,,1007.2,
2023-04-28 00:00:00,28.5,21,35.5,0,,,4.3,,1008.4,
2023-04-29 00:00:00,27.6,22,36,0,,,4.7,,1006.7,
2023-04-30 00:00:00,26.9,22,31.5,0,,,4.5,,1005.9,
2023-05-01 00:00:00,23.2,21.5,27,0,,,4.5,,1006.7,
2023-05-02 00:00:00,22.5,19.5,27.6,0,,,4.2,,1009,
2023-05-03 00:00:00,23.9,18.9,30.3,13,,,2.5,,1010.2,
2023-05-04 00:00:00,23.6,19.2,33.5,0,,,4.2,,1009.5,
2023-05-05 00:00:00,25.3,18.4,32.8,16.8,,,1.6,,1007.9,
2023-05-06 00:00:00,28,21.6,35,0,,,2.7,,1005.6,
2023-05-07 00:00:00,27.1,19.2,34.2,3,,,6.8,,1004.6,
2023-05-08 00:00:00,26.9,22.2,33.9,0,,,8.5,,1004.5,
2023-05-09 00:00:00,27.1,21.4,34.7,0,,,5.1,,1007.7,
2023-05-10 00:00:00,28.4,21.6,36.5,0,,,5,,1006,
2023-05-11 00:00:00,30.9,22.5,39.2,0,,,2.1,,1005.3,
2023-05-12 00:00:00,31.6,22.5,40.3,0,,,1.1,,1004.8,
2023-05-13 00:00:00,32.7,26.8,41,0,,,3,,1003.9,
2023-05-14 00:00:00,32.6,26.4,38.6,0,,,6.1,,1002.2,
2023-05-15 00:00:00,31.7,24.5,40.3,0,,,1.9,,1000.9,
2023-05-16 00:00:00,32.7,26.4,39,0,,,5.2,,1002.5,
2023-05-17 00:00:00,33.3,27,40,0,,,3.9,,1004.1,
2023-05-18 00:00:00,28.8,22,34.2,2,,,7,,1008.6,
2023-05-19 00:00:00,31.3,25.5,37.5,0,,,4.9,,1006.1,
2023-05-20 00:00:00,33,25.4,40.6,0,,,3,,1002.8,
2023-05-21 00:00:00,34.7,26.4,43.2,0,,,1.4,,1002.5,
2023-05-22 00:00:00,37,27.4,42.6,0,,,2.1,,1002.7,
2023-05-23 00:00:00,34.7,31.4,41.7,0,,,3.2,,1003.2,
2023-05-24 00:00:00,28.1,25,36.2,0,,,12.1,,1003.2,
2023-05-25 00:00:00,26.2,22.5,30.3,0,,,7.2,,1004.2,
2023-05-26 00:00:00,28.2,21.8,32.6,2.3,,,6.7,,1004.8,
2023-05-27 00:00:00,29.5,22.3,33.6,0,,,5.9,,1004.9,
2023-05-28 00:00:00,31.2,25,37.3,0,,,4.1,,1005.8,
2023-05-29 00:00:00,27.7,23.8,33.1,0,,,7.8,,1008,
2023-05-30 00:00:00,27.3,22,33.8,0,,,3.7,,1009.2,
2023-05-31 00:00:00,22.4,20.2,25.4,6.6,,,3.6,,1007.6,
2023-06-01 00:00:00,24.3,19.6,29.8,1.3,,,4.4,,1007.4,
2023-06-02 00:00:00,26.6,19.4,31.8,0.5,,,2.8,,1006,
2023-06-03 00:00:00,29.1,21.4,35.5,0,,,1.5,,1005.7,
2023-06-04 00:00:00,31.4,25.8,38.3,0,,,3.2,,1005,
2023-06-05 00:00:00,32.8,25.8,38,0,,,3.9,,1003.2,
2023-06-06 00:00:00,29.2,24,38.2,0,,,6.5,,1003.2,
2023-06-07 00:00:00,28.6,24,34,30,,,3.4,,1003.9,
2023-06-08 00:00:00,32.2,24.6,38.8,0,,,1.6,,1002.8,
2023-06-09 00:00:00,34.8,28.4,40.3,0,,,1.1,,999.1,
2023-06-10 00:00:00,33.8,26,41,0,,,4.2,,997,
2023-06-11 00:00:00,31.6,25,36.3,3,,,3.3,,998.2,
2023-06-12 00:00:00,34.3,27.6,38.8,0,,,1.9,,997.6,
2023-06-13 00:00:00,33.6,32,40.3,0,,,2.8,,997.5,
2023-06-14 00:00:00,32.7,27.5,38.6,2,,,5.5,,997.9,
2023-06-15 00:00:00,25.9,21.5,31.6,0,,,6.2,,1000.5,
2023-06-16 00:00:00,30.4,22.8,36.7,1.3,,,2.2,,1000.3,
2023-06-17 00:00:00,32.6,27.5,38.2,0,,,1.1,,999.4,
2023-06-18 00:00:00,33.9,29,38,0,,,3.1,,999.3,
2023-06-19 00:00:00,32.7,24.2,38.6,4.6,,,3.5,,998.9,
2023-06-20 00:00:00,35.3,29.2,40.1,0,,,2.4,,997.3,
2023-06-21 00:00:00,35.7,31,39.5,0,,,3.9,,997.6,
2023-06-22 00:00:00,37.1,32.6,41.2,0,,,3,,997.5,
2023-06-23 00:00:00,37.1,33.4,41.5,0,,,3.6,,997.3,
2023-06-24 00:00:00,35.9,32.4,40,0,,,4.4,,996.8,
2023-06-25 00:00:00,31.3,23.5,40,0,,,6.3,,997.4,
2023-06-26 00:00:00,28.7,23,31.5,4.7,,,5.2,,1001.1,
2023-06-27 00:00:00,30.4,22.8,35.2,10.2,,,2.3,,1000.2,
2023-06-28 00:00:00,31.2,26.8,35.8,0,,,3.3,,1001,
2023-06-29 00:00:00,32.1,28.2,35,0,,,1.5,,1000.2,
2023-06-30 00:00:00,30.7,28.5,34.8,6.1,,,3.5,,998.8,
2023-07-01 00:00:00,32.1,28.2,36.2,0,,,2.4,,999.1,
2023-07-02 00:00:00,34.3,29,38.8,0,,,1.8,,999.7,
2023-07-03 00:00:00,31.2,26,39,0,,,3.5,,998.3,
2023-07-04 00:00:00,31.3,25.5,36.1,23.6,,,6.6,,997.1,
2023-07-05 00:00:00,24.9,23,27.5,94,,,9.4,,998.2,
2023-07-06 00:00:00,27.5,25,30.6,22.9,,,4.9,,1000.8,
2023-07-07 00:00:00,29.4,24,33.5,11.2,,,2.8,,1001.5,
2023-07-08 00:00:00,26.5,24.5,29,20.9,,,7,,1002.1,
2023-07-09 00:00:00,25.9,23.5,30.3,2.5,,,4.5,,1001.2,
2023-07-10 00:00:00,29,24.6,33.2,0,,,3.9,,1001.6,
2023-07-11 00:00:00,30.8,25.6,35.7,0,,,2.1,,1000.9,
2023-07-12 00:00:00,30.1,27,36.2,0,,,3.1,,999.9,
2023-07-13 00:00:00,30.7,26,35.1,0,,,3.3,,1000.1,
2023-07-14 00:00:00,31.6,28.7,35,0,,,2.6,,1000.6,
2023-07-15 00:00:00,31.7,27,34.8,0,,,3.2,,999.6,
2023-07-16 00:00:00,30.3,29,32.2,0,,,3.3,,1000.1,
2023-07-17 00:00:00,31.7,28.5,35.8,0,,,1.8,,999.2,
2023-07-18 00:00:00,32.1,28.5,36.2,0,,,4.6,,998.6,
2023-07-19 00:00:00,29.8,27.5,34,0,,,5.1,,999.5,
2023-07-20 00:00:00,30.8,26.2,36.6,23.1,,,1.9,,999.9,
2023-07-21 00:00:00,29.9,28.5,32.6,8.1,,,3.4,,1000.9,
2023-07-22 00:00:00,27.7,25,29.7,42.5,,,4.9,,1004.2,
2023-07-23 00:00:00,30.9,24.6,36,105.9,,,2.8,,1004.5,
2023-07-24 00:00:00,29.8,27.5,35,0,,,2.2,,1002,
2023-07-25 00:00:00,29.8,26.2,34.2,0.5,,,2.2,,1001.6,
2023-07-26 00:00:00,30,29,33,16.8,,,2,,1002.5,
2023-07-27 00:00:00,29.1,26.5,32.5,18.3,,,2.5,,1002.5,
2023-07-28 00:00:00,29.7,26,34.8,3.6,,,1.2,,999.8,
2023-07-29 00:00:00,26.8,24,29,0,,,1.4,,999.3,
2023-07-30 00:00:00,30.6,23.5,34,34,,,0.9,,999,
2023-07-31 00:00:00,32.1,28.5,35,0,,,2.5,,997.7,
2023-08-01 00:00:00,30.4,26,36.4,9.9,,,2.8,,996.9,
2023-08-02 00:00:00,33.1,25.6,37.4,0,,,2.4,,996.8,
2023-08-03 00:00:00,32.5,27.2,36.5,0,,,2.4,,997.2,
2023-08-04 00:00:00,32.8,27.8,37.5,0,,,4.6,,998.7,
2023-08-05 00:00:00,31.5,25.6,36.5,0,,,2,,1000.6,
2023-08-06 00:00:00,32.6,28.2,36.8,0,,,3.1,,997.8,
2023-08-07 00:00:00,31.7,28,35.5,0,,,3.6,,995.4,
2023-08-08 00:00:00,32.3,28.3,36.7,0,,,4.2,,996.2,
2023-08-09 00:00:00,32.2,28.8,35.8,0,,,4.5,,999.7,
2023-08-10 00:00:00,32.6,29.9,35.5,2.8,,,3.8,,1001.7,
2023-08-11 00:00:00,32.3,28.4,37,2.3,,,4,,1002.3,
2023-08-12 00:00:00,32.7,29.6,37.5,0,,,4.7,,999.9,
2023-08-13 00:00:00,33.6,29.2,37,0,,,4.8,,997.2,
2023-08-14 00:00:00,31.5,29,35.5,0,,,6,,1000.4,
2023-08-15 00:00:00,30.7,26.6,35.3,0,,,2.8,,1003,
2023-08-16 00:00:00,32.4,30,37.2,0,,,2.9,,1002.6,
2023-08-17 00:00:00,32.4,29.4,37.1,0,,,3,,1001.5,
2023-08-18 00:00:00,32.9,29.5,37.5,0,,,1.4,,1001.8,
2023-08-19 00:00:00,31.9,30,35.5,0,,,1.4,,1002.6,
2023-08-20 00:00:00,32.3,27.2,36.5,0.5,,,1.2,,1003.4,
2023-08-21 00:00:00,33.2,29.6,38,0,,,2.1,,1001.5,
2023-08-22 00:00:00,34.4,30.4,38.5,0,,,3,,998.8,
2023-08-23 00:00:00,32.2,30.5,36.6,0,,,5.5,,996.8,
2023-08-24 00:00:00,30.9,27.4,35.8,0,,,4.6,,997.5,
2023-08-25 00:00:00,30.6,27.8,35,10.9,,,5.4,,998.2,
2023-08-26 00:00:00,30.1,24.2,34.5,33.8,,,4.6,,1000.5,
2023-08-27 00:00:00,31.7,27,35,0,,,2.4,,1000.7,
2023-08-28 00:00:00,30.7,26.2,34.5,20.3,,,3,,1000.3,
2023-08-29 00:00:00,30.3,25,35.1,0.3,,,2.8,,1002.5,
2023-08-30 00:00:00,31.2,25.8,35.9,0,,,1.8,,1004,
2023-08-31 00:00:00,32.8,28.7,37.5,0,,,1.8,,1004.7,
2023-09-01 00:00:00,32.4,29.4,36.6,0,,,2.3,,1004.5,
2023-09-02 00:00:00,32.3,30.5,36.6,0,,,2.6,,1003.4,
2023-09-03 00:00:00,32,27.4,36.2,0,,,2.9,,1002.4,
2023-09-04 00:00:00,32.1,27.8,36.5,0,,,1.4,,1001.5,
2023-09-05 00:00:00,31.2,26,36.1,0,,,2.8,,1003.5,
2023-09-06 00:00:00,31.9,28.5,37,0,,,1.7,,1004.2,
2023-09-07 00:00:00,32.8,29,36.3,0,,,1.7,,1003.6,
2023-09-08 00:00:00,32.4,28.4,37,0,,,2,,1003.2,
2023-09-09 00:00:00,31.1,27,35.7,0,,,2.9,,1002.5,
2023-09-10 00:00:00,30.3,27,33.5,0,,,2.9,,1001.1,
2023-09-11 00:00:00,31.2,26.8,35.8,0,,,3,,1001.5,
2023-09-12 00:00:00,31.7,27.6,36.1,0,,,1.6,,1001.4,
2023-09-13 00:00:00,32.1,28.4,36.5,0,,,1.7,,1001.5,
2023-09-14 00:00:00,31.7,29.5,35,4.6,,,1.9,,1002.6,
2023-09-15 00:00:00,31.3,27.5,35.5,0,,,3.1,,1004,
2023-09-16 00:00:00,29.6,26.5,35.5,0,,,2.2,,1004.5,
2023-09-17 00:00:00,27.4,26,33.5,0,,,2.8,,1003.5,
2023-09-18 00:00:00,27.1,24.5,30.5,14.5,,,5.3,,1003.7,
2023-09-19 00:00:00,24.6,23,27.2,44.2,,,2.1,,1006.1,
2023-09-20 00:00:00,30.2,22.4,34.5,43.2,,,0.8,,1006.2,
2023-09-21 00:00:00,30.7,26,35,0,,,1.5,,1004.8,
2023-09-22 00:00:00,28.1,27,34,0,,,1.6,,1004.8,
2023-09-23 00:00:00,26.4,22.5,30.3,29.7,,,4.6,,1006.2,
2023-09-24 00:00:00,27.2,22,31.5,1,,,2.4,,1005.9,
2023-09-25 00:00:00,27.2,22.8,32,0,,,2.6,,1006.2,
2023-09-26 00:00:00,27.9,24.5,33,0,,,1.2,,1007.6,
2023-09-27 00:00:00,28,22.8,34,0,,,2.1,,1007.6,
2023-09-28 00:00:00,29.3,25,35,0,,,1.3,,1006.6,
2023-09-29 00:00:00,28.4,25,34.5,0,,,1.1,,1006.3,
2023-09-30 00:00:00,27.9,23.5,33.5,0,,,2.4,,1007.3,
2023-10-01 00:00:00,26.9,23,34.6,0,,,2,,1006.3,
2023-10-02 00:00:00,28.7,22.2,34.8,0,,,1.8,,1006.7,
2023-10-03 00:00:00,27.5,21.8,33.6,0,,,2.3,,1007.7,
2023-10-04 00:00:00,27.6,21.8,34.5,0,,,1.2,,1007.8,
2023-10-05 00:00:00,28.5,21.2,35,0,,,1.9,,1006.8,
2023-10-06 00:00:00,28.8,22.4,35.5,0,,,1,,1005.2,
2023-10-07 00:00:00,29.1,23.7,35,0,,,1.4,,1005.9,
2023-10-08 00:00:00,29.2,24.8,34.8,0,,,1.4,,1006.9,
2023-10-09 00:00:00,27.7,20,34,0,,,3.6,,1007.8,
2023-10-10 00:00:00,24.9,19,30,26.9,,,4.6,,1010.4,
2023-10-11 00:00:00,25.8,19.8,32.3,0,,,1.3,,1010.7,
2023-10-12 00:00:00,26.1,20,33.5,0,,,0.8,,1011.3,
2023-10-13 00:00:00,26.6,22,33.4,0,,,0.7,,1011.7,
2023-10-14 00:00:00,24.1,19.5,29.5,0,,,7,,1012.2,
2023-10-15 00:00:00,24,18.5,29,0,,,3,,1010.7,
2023-10-16 00:00:00,21.1,19,22.5,0,,,5.8,,1011.2,
2023-10-17 00:00:00,20.1,16.2,24.5,26.2,,,6.5,,1015.8,
2023-10-18 00:00:00,21,15.6,26.5,0.5,,,3,,1016.7,
2023-10-19 00:00:00,22.6,16.8,28.5,0,,,0.9,,1015.5,
2023-10-20 00:00:00,22.9,16.8,29,0,,,0.5,,1015.5,
2023-10-21 00:00:00,23.3,17,29.8,0,,,0.7,,1015.8,
2023-10-22 00:00:00,22.7,18.6,29.8,0,,,0.6,,1016.8,
2023-10-23 00:00:00,23.6,18.6,29.5,0,,,1.5,,1015.4,
2023-10-24 00:00:00,23.8,18.5,30,0,,,1.2,,1014.4,
2023-10-25 00:00:00,23.8,17.5,30.7,0,,,0.8,,1015,
2023-10-26 00:00:00,23.9,17.2,32,0,,,0.6,,1014.5,
2023-10-27 00:00:00,24.3,17.8,30.8,0,,,0,,1013.4,
2023-10-28 00:00:00,23.8,17.5,30.2,0,,,0.1,,1013.5,
2023-10-29 00:00:00,24.6,19.8,30,0,,,0.3,,1013.8,
2023-10-30 00:00:00,24.2,19.5,29.5,0,,,0.1,,1014.5,
2023-10-31 00:00:00,24.6,19.6,29.6,0,,,0.3,,1015.7,
2023-11-01 00:00:00,24.5,19.4,30.2,0,,,0.5,,1016.5,
2023-11-02 00:00:00,24.3,19.3,29.5,0,,,0.4,,1015.2,
2023-11-03 00:00:00,23.7,19.2,28.6,0,,,0.2,,1012.4,
2023-11-04 00:00:00,23.4,18.8,29.5,0,,,0.8,,1012.7,
2023-11-05 00:00:00,21.1,16.6,29,0,,,0.4,,1014.1,
2023-11-06 00:00:00,22.5,17.2,28.5,0,,,0,,1015.9,
2023-11-07 00:00:00,22.6,18,27.3,0,,,0.6,,1015.5,
2023-11-08 00:00:00,22.4,18.2,28,0,,,0.4,,1014.2,
2023-11-09 00:00:00,22.3,17.2,28.2,0,,,0.3,,1014.2,
2023-11-10 00:00:00,17.1,15.4,20.5,3.8,,,4.2,,1016.4,
2023-11-11 00:00:00,19.3,13.8,25.5,7.4,,,1.7,,1018.7,
2023-11-12 00:00:00,19.4,14,26,0,,,0.8,,1018.6,
2023-11-13 00:00:00,19.5,13.7,27,0,,,0.1,,1018.4,
2023-11-14 00:00:00,19.9,13.4,27.3,0,,,0.5,,1018.5,
2023-11-15 00:00:00,18.8,13.7,27,0,,,0.2,,1017.7,
2023-11-16 00:00:00,19.3,14,27.4,0,,,0.1,,1018.4,
2023-11-17 00:00:00,19.2,13,27.8,0,,,1,,1018.7,
2023-11-18 00:00:00,18.7,13.2,27,0,,,0.3,,1016.8,
2023-11-19 00:00:00,18.2,12.8,27.5,0,,,0.5,,1017.4,
2023-11-20 00:00:00,18.9,14,26,0,,,0.8,,1018,
2023-11-21 00:00:00,19.5,12.5,26.6,0,,,1.2,,1017.2,
2023-11-22 00:00:00,18,12.8,26,0,,,0.3,,1014.4,
2023-11-23 00:00:00,17.3,11.3,24,0,,,0.4,,1013.9,
2023-11-24 00:00:00,18.4,11.5,24.5,0,,,0.2,,1016.9,
2023-11-25 00:00:00,17.9,11.3,24.2,0,,,0,,1017.5,
2023-11-26 00:00:00,17.3,11.2,23.5,0,,,0.5,,1018.6,
2023-11-27 00:00:00,18.4,11.8,22.5,0,,,0.6,,1016.9,
2023-11-28 00:00:00,18.1,14,25,0,,,1.2,,1016.2,
2023-11-29 00:00:00,19.4,12.5,26,0,,,0.2,,1015.7,
2023-11-30 00:00:00,17.8,13.5,21.5,1.5,,,4.1,,1017.2,
2023-12-01 00:00:00,16.5,12.2,23.5,0,,,0.9,,1018.4,
2023-12-02 00:00:00,16.8,11.8,25,0,,,0.3,,1017.8,
2023-12-03 00:00:00,16.8,11.4,25,0,,,0.1,,1018.2,
2023-12-04 00:00:00,17.4,11.2,23.5,0,,,0.6,,1017.4,
2023-12-05 00:00:00,17.1,11,23.5,0,,,0.4,,1017.4,
2023-12-06 00:00:00,17.4,10.5,24.5,0,,,1.1,,1017.5,
2023-12-07 00:00:00,15.6,11,24.6,0,,,0.3,,1016.9,
2023-12-08 00:00:00,14.8,9.2,24.7,0,,,0.2,,1015.9,
2023-12-09 00:00:00,14.9,8.8,22.5,0,,,0.5,,1016.9,
2023-12-10 00:00:00,15.8,9,23.5,0,,,0.5,,1015,
2023-12-11 00:00:00,15.3,9,22.2,0,,,0,,1015.1,
2023-12-12 00:00:00,14.7,8.8,21,0,,,0.2,,1015.4,
2023-12-13 00:00:00,14.9,8.5,21.5,0,,,0.2,,1017.2,
2023-12-14 00:00:00,13.8,9,19.4,0,,,0.3,,1018,
2023-12-15 00:00:00,14.1,8.7,21.8,0,,,0.2,,1018.7,
2023-12-16 00:00:00,13.2,8.2,19,0,,,0.3,,1018.1,
2023-12-17 00:00:00,13.6,9,20,0,,,1,,1019.2,
2023-12-18 00:00:00,13.8,8,22,0,,,0.4,,1020.8,
2023-12-19 00:00:00,13.9,8,21.8,0,,,1,,1020.4,
2023-12-20 00:00:00,15.4,8.9,23,0,,,0,,1019.6,
2023-12-21 00:00:00,14.3,7.5,21.5,0,,,0.8,,1018.7,
2023-12-22 00:00:00,14,7.5,19.5,0,,,0.4,,1018.1,
2023-12-23 00:00:00,14.8,9.3,23,0,,,1.3,,1020.2,
2023-12-24 00:00:00,13.2,9.3,20.5,0,,,0,,1022.1,
2023-12-25 00:00:00,14.7,10,22,0,,,0.4,,1019.8,
2023-12-26 00:00:00,14.6,10,21.2,0,,,0,,1019.1,
2023-12-27 00:00:00,13.4,9.5,19,0,,,0.2,,1021.1,
2023-12-28 00:00:00,13.6,9.5,19,0,,,0.8,,1019.5,
2023-12-29 00:00:00,12.1,10.5,16,0,,,1.8,,1020.8,
2023-12-30 00:00:00,11.9,9,15,0,,,1.2,,1019.8,
2023-12-31 00:00:00,11.2,9,14.3,0,,,0.3,,1019.5,
2024-01-01 00:00:00,10.5,9.5,13.9,0,,,0.7,,1019.9,
2024-01-02 00:00:00,10.1,8.5,13.3,0,,,0.8,,1019.3,
2024-01-03 00:00:00,9.4,7.5,13.3,0,,,1.5,,1019.4,
2024-01-04 00:00:00,9,7.4,12,0,,,0.2,,1019.4,
2024-01-05 00:00:00,9,7,11.5,0,,,0.6,,1019.4,
2024-01-06 00:00:00,8.7,7,12.9,0,,,0.2,,1021.1,
2024-01-07 00:00:00,8.8,6,13.2,0,,,0.8,,1021.7,
2024-01-08 00:00:00,8.9,6.5,12,0,,,1.8,,1021.6,
2024-01-09 00:00:00,8.4,7,9.6,0.1,,,0.8,,1021.8,
2024-01-10 00:00:00,8.5,6.5,12.6,0,,,1.3,,1020.5,
2024-01-11 00:00:00,9.1,6.5,12.5,0,,,0,,1020.1,
2024-01-12 00:00:00,8.4,5,12.9,0,,,0.6,,1019.1,
2024-01-13 00:00:00,9.5,6.5,14,0,,,0.8,,1018.3,
2024-01-14 00:00:00,8.3,6,12,0,,,0.8,,1018.6,
2024-01-15 00:00:00,8.4,5.5,13,0,,,0.6,,1018.1,
2024-01-16 00:00:00,8.7,6,13,0,,,0.7,,1016.4,
2024-01-17 00:00:00,9.5,5,15,0,,,0.8,,1016,
2024-01-18 00:00:00,10,7,15,0,,,0.8,,1017.7,
2024-01-19 00:00:00,9.9,6,15,0,,,0.6,,1019,
2024-01-20 00:00:00,9.2,7,12.8,0,,,1.3,,1020.2,
2024-01-21 00:00:00,8.8,7,13.2,0,,,0.9,,1019.8,
2024-01-22 00:00:00,8.8,7,11.7,0,,,0.8,,1019.8,
2024-01-23 00:00:00,8.9,6.5,12.2,0,,,1,,1020.3,
2024-01-24 00:00:00,8,6,11.9,0,,,0.6,,1019.8,
2024-01-25 00:00:00,9.3,6,12.7,0,,,0.4,,1021.6,
2024-01-26 00:00:00,11.4,7,17,0,,,1.6,,1022.1,
2024-01-27 00:00:00,13.4,8,21,0,,,1.5,,1020.6,
2024-01-28 00:00:00,14.7,10,21,0,,,0.4,,1018,
2024-01-29 00:00:00,15.1,12,20,0,,,1,,1018.7,
2024-01-30 00:00:00,15.9,9.8,22,0,,,1.5,,1017,
2024-01-31 00:00:00,14.8,10.1,17.5,0,,,2.4,,1015.4,
2024-02-01 00:00:00,14.3,9.3,19.5,17,,,3.5,,1015,
2024-02-02 00:00:00,13.8,7.4,19,0,,,1.4,,1020.8,
2024-02-03 00:00:00,13.7,7.9,17.5,0,,,2.9,,1018.8,
2024-02-04 00:00:00,13.2,8.2,17.5,3.6,,,2.4,,1016.9,
2024-02-05 00:00:00,12.5,7,18.5,3.6,,,0.8,,1019.1,
2024-02-06 00:00:00,13.2,7.5,20,0,,,1.5,,1020.6,
2024-02-07 00:00:00,13.8,7.5,20.2,0,,,2.9,,1021.6,
2024-02-08 00:00:00,14.9,8,22.3,0,,,4.4,,1019.7,
2024-02-09 00:00:00,15.9,8.5,23.8,0,,,2,,1018.1,
2024-02-10 00:00:00,15.2,8.5,22.8,0,,,0,,1021.7,
2024-02-11 00:00:00,15.9,9,24,0,,,0.2,,1021.4,
2024-02-12 00:00:00,15.1,8.8,21.5,0,,,0.2,,1020.3,
2024-02-13 00:00:00,16.7,9.5,24,0,,,0.6,,1019.4,
2024-02-14 00:00:00,17.4,9.2,24.5,0,,,1.6,,1019.2,
2024-02-15 00:00:00,17.7,9.5,25.3,0,,,0.4,,1019.4,
2024-02-16 00:00:00,16.9,9.5,25.6,0,,,0.8,,1019.8,
2024-02-17 00:00:00,18.3,9.4,25.5,0,,,0.5,,1015.5,
2024-02-18 00:00:00,17.2,10.2,20,0,,,5.3,,1011.1,
2024-02-19 00:00:00,19.4,13.6,23.5,0,,,11.9,,1006.6,
2024-02-20 00:00:00,17.2,15,21,0,,,3.2,,1009.4,
2024-02-21 00:00:00,16.6,10.5,23,0,,,0.9,,1011.8,
2024-02-22 00:00:00,16.7,10,23.6,0,,,2.6,,1014.2,
2024-02-23 00:00:00,17.3,10.2,24,0,,,3.8,,1016.2,
2024-02-24 00:00:00,16.9,10.2,24.2,0,,,2.3,,1016.5,
2024-02-25 00:00:00,17.1,10,23.5,0,,,0.8,,1019.5,
2024-02-26 00:00:00,15.7,9.8,20.5,0,,,2,,1019.4,
2024-02-27 00:00:00,16.2,9.2,22,0,,,2.9,,1019.3,
2024-02-28 00:00:00,18.1,9.8,24,0,,,1.9,,1017,
2024-02-29 00:00:00,20,10.4,26,0,,,1.6,,1014.9,
2024-03-01 00:00:00,17.8,12.6,22,0,,,6.8,,1014,
2024-03-02 00:00:00,18.6,14.1,24,1.5,,,12.8,,1007.4,
2024-03-03 00:00:00,14.9,9,20.5,2.5,,,7,,1011.1,
2024-03-04 00:00:00,14.8,8.5,19.5,0,,,1.4,,1017.6,
2024-03-05 00:00:00,15.2,9.8,20.5,0,,,1.5,,1018.5,
2024-03-06 00:00:00,17.4,9,23.5,0,,,0.8,,1015.6,
2024-03-07 00:00:00,18.1,13,24,0.9,,,2.1,,1015.5,
2024-03-08 00:00:00,18.5,12.3,24.5,0,,,1.8,,1016.4,
2024-03-09 00:00:00,19.6,11.6,26.5,0,,,2.2,,1016,
2024-03-10 00:00:00,20.9,11.8,26,0,,,0.2,,1015,
2024-03-11 00:00:00,19.3,12.6,24.5,0,,,0.7,,1016.6,
2024-03-12 00:00:00,20.4,13,27.4,0,,,1.9,,1015.5,
2024-03-13 00:00:00,18.2,16,22,0,,,2.5,,1012.3,
2024-03-14 00:00:00,20.9,12.9,27,0,,,4,,1016.2,
2024-03-15 00:00:00,21.8,13.5,28,0,,,2.8,,1014.7,
2024-03-16 00:00:00,21.2,13.5,29,0,,,2,,1015.3,
2024-03-17 00:00:00,22.7,15,28.8,0,,,2.1,,1015.3,
2024-03-18 00:00:00,22.8,16,30,0,,,2.6,,1013,
2024-03-19 00:00:00,23.8,15.2,31,0,,,1.6,,1012.7,
2024-03-20 00:00:00,25.9,16.5,32.5,0,,,1.4,,1013.2,
2024-03-21 00:00:00,25.1,20,29.4,0,,,3.6,,1011.1,
2024-03-22 00:00:00,24.6,19,30,0,,,4.7,,1009.8,
2024-03-23 00:00:00,25.5,18.5,31.5,0,,,2.5,,1008.5,
2024-03-24 00:00:00,24.9,19,30,4.8,,,5.3,,1010.2,
2024-03-25 00:00:00,26.3,20.5,32,0,,,2,,1011.8,
2024-03-26 00:00:00,26.2,22,31.8,0,,,1.1,,1010.4,
2024-03-27 00:00:00,25.4,22.4,30.2,0.5,,,5,,1013.1,
2024-03-28 00:00:00,24.5,21.1,29.4,0,,,7.5,,1011.6,
2024-03-29 00:00:00,25.5,20.9,31.1,3.9,,,5.9,,1009.7,
2024-03-30 00:00:00,23.6,20.6,27.2,2.5,,,6.5,,1010.5,
2024-03-31 00:00:00,23.2,18.7,28,0,,,5.8,,1012.7,
2024-04-01 00:00:00,24,19.1,29.4,0,,,4,,1009.7,
2024-04-02 00:00:00,24.8,18,31,0,,,2.2,,1007.3,
2024-04-03 00:00:00,26.8,19,33.3,0,,,1.4,,1008.2,
2024-04-04 00:00:00,25,19.2,34.5,0,,,4.2,,1009.2,
2024-04-05 00:00:00,27.3,20.5,33.2,0,,,4.9,,1008.5,
2024-04-06 00:00:00,27.6,18.5,33.5,0,,,4.3,,1008.3,
2024-04-07 00:00:00,27.9,20,34.5,0,,,3.3,,1007.5,
2024-04-08 00:00:00,27.1,20,35,0,,,2.1,,1008.4,
2024-04-09 00:00:00,28,19,36.2,0,,,0.4,,1009.3,
2024-04-10 00:00:00,28.8,21.5,36,0,,,1.9,,1009.3,
2024-04-11 00:00:00,28.3,21,35.2,0,,,9.6,,1011,
2024-04-12 00:00:00,29.4,20.5,35.5,0,,,4.4,,1009.8,
2024-04-13 00:00:00,24,21.5,28.5,0,,,4.7,,1009.5,
2024-04-14 00:00:00,23,18.8,27.5,0,,,4.2,,1012.6,
2024-04-15 00:00:00,25,19.5,32.5,1.3,,,5.1,,1011.5,
2024-04-16 00:00:00,25.9,17.5,32.3,0,,,5.3,,1011.7,
2024-04-17 00:00:00,27.4,19.6,34,0,,,2.9,,1008.6,
2024-04-18 00:00:00,28.2,22.5,33,0,,,4.9,,1006.6,
2024-04-19 00:00:00,26.4,23.5,34,0,,,6.1,,1003.7,
2024-04-20 00:00:00,27.1,20.1,33.2,0,,,3.9,,1005.6,
2024-04-21 00:00:00,28.2,20.8,35,0,,,4.4,,1005.8,
2024-04-22 00:00:00,28.2,23,34.5,0,,,4.2,,1006.4,
2024-04-23 00:00:00,26.6,19,31.8,0,,,2.5,,1006.6,
2024-04-24 00:00:00,29.2,19.9,35.3,1,,,2.3,,1006.1,
2024-04-25 00:00:00,30.1,20.6,37.2,0,,,2,,1005.9,
2024-04-26 00:00:00,28.6,24,38,0,,,3.8,,1004.5,
2024-04-27 00:00:00,26.8,20,31.8,6.1,,,6.5,,1006.1,
2024-04-28 00:00:00,28.2,20.1,34.5,0,,,4.7,,1007,
2024-04-29 00:00:00,22.4,16.5,30,0,,,10,,1007.3,
2024-04-30 00:00:00,22.9,15,31.5,18.3,,,6.8,,1007.6,
2024-05-01 00:00:00,24.2,18,30.5,0,,,6.4,,1004.2,
2024-05-02 00:00:00,28.2,17.9,35,0,,,3.8,,1005,
2024-05-03 00:00:00,29.8,19,34.5,0,,,1.1,,1005,
2024-05-04 00:00:00,30.7,23,37.2,0,,,7.2,,1005.9,
2024-05-05 00:00:00,32,22.9,37.8,0,,,4.5,,1002.5,
2024-05-06 00:00:00,31.6,24,40,0,,,2.4,,1002.5,
2024-05-07 00:00:00,34,24.5,40.5,0,,,2.5,,1003.7,
2024-05-08 00:00:00,33.6,24.4,41.5,0,,,2.2,,1003.4,
2024-05-09 00:00:00,32.5,26.2,39.5,0,,,5.7,,1002.6,
2024-05-10 00:00:00,30.9,25,39.5,0,,,10.6,,1004.1,
2024-05-11 00:00:00,30.6,22.4,36,2.3,,,6.5,,1007.2,
2024-05-12 00:00:00,28.4,23,34,3.8,,,5.7,,1007.9,
2024-05-13 00:00:00,32.4,24,38.5,0,,,2.6,,1008.4,
2024-05-14 00:00:00,33.3,25,40,0,,,2.9,,1007.4,
2024-05-15 00:00:00,35.6,26,41,0,,,2.5,,1006.5,
2024-05-16 00:00:00,36.4,28.5,42.2,0,,,2.3,,1006,
2024-05-17 00:00:00,36.4,29,43,50,,,2.6,,1003.1,
2024-05-18 00:00:00,37.2,29.6,43.5,0,,,3.3,,1000.9,
2024-05-19 00:00:00,37.4,28,42.5,0,,,1.5,,998.9,
2024-05-20 00:00:00,37.9,27.8,43.5,0,,,2.6,,999.2,
2024-05-21 00:00:00,36.5,31.5,43.5,0,,,4.8,,1000,
2024-05-22 00:00:00,37.6,27.9,43.5,0,,,1.5,,999.9,
2024-05-23 00:00:00,36.6,28.8,41.8,0,,,2.8,,999.4,
2024-05-24 00:00:00,34.2,28,42.5,0,,,5.8,,999.6,
2024-05-25 00:00:00,35.3,26,42.5,0,,,5.5,,999,
2024-05-26 00:00:00,37.6,28.6,44.2,0,,,3.6,,996.5,
2024-05-27 00:00:00,37.9,29,45.3,0,,,3.4,,994,
2024-05-28 00:00:00,38.3,27.5,45.5,0,,,1.5,,991.8,
2024-05-29 00:00:00,38.1,28,45.3,0,,,2.3,,992,
2024-05-30 00:00:00,36.2,28.4,44.5,0,,,4,,995.2,
2024-05-31 00:00:00,37.3,27,44.3,0,,,1.6,,997.9,
2024-06-01 00:00:00,36.9,29.5,43.5,0,,,3.2,,998.5,
2024-06-02 00:00:00,37.2,28.5,43,0,,,2,,1000.2,
2024-06-03 00:00:00,35,28.5,43.5,0,,,6.6,,999.2,
2024-06-04 00:00:00,35.5,24.4,41.3,1,,,4.6,,999,
2024-06-05 00:00:00,31.3,26.5,41.5,0,,,4.4,,1000.3,
2024-06-06 00:00:00,31.3,24.5,39,1.3,,,5.3,,1003.9,
2024-06-07 00:00:00,34.1,24.6,39,0,,,4.1,,1002.4,
2024-06-08 00:00:00,33.4,27.5,39,0,,,6.3,,1001,
2024-06-09 00:00:00,35.6,26.5,42,0,,,2.9,,1000.3,
2024-06-10 00:00:00,35.6,29,42,0,,,2.8,,1000,
2024-06-11 00:00:00,38.5,28.2,43.5,0,,,3.4,,998.7,
2024-06-12 00:00:00,39.4,28,44,0,,,1.8,,998.5,
2024-06-13 00:00:00,37.1,30.5,43.5,0,,,4.8,,997.8,
2024-06-14 00:00:00,37.4,29,44,0,,,2.5,,997,
2024-06-15 00:00:00,37.4,30.4,43,0,,,4.8,,997.2,
2024-06-16 00:00:00,38.9,30.5,44,0,,,6.3,,997.2,
2024-06-17 00:00:00,39.1,31.5,44,0,,,7.1,,997,
2024-06-18 00:00:00,39.1,31.5,44.5,0,,,5.2,,995.4,
2024-06-19 00:00:00,35.6,32,42.5,0,,,4.8,,992.9,
2024-06-20 00:00:00,30.3,25,38,0,,,8.9,,995.6,
2024-06-21 00:00:00,31.9,25.8,36,6.1,,,2.8,,999,
2024-06-22 00:00:00,34.8,27.5,39,0,,,2,,998.3,
2024-06-23 00:00:00,36.6,28,41.5,0,,,2.7,,998.4,
2024-06-24 00:00:00,37.4,26,42.8,0,,,1,,996.5,
2024-06-25 00:00:00,36.9,29.5,42.5,0,,,3,,995.3,
2024-06-26 00:00:00,37.6,31,43.5,0,,,5.3,,994.8,
2024-06-27 00:00:00,33.3,28.7,35.5,0,,,9.2,,998.8,
2024-06-28 00:00:00,34.9,27.5,39.3,0,,,5,,998.2,
2024-06-29 00:00:00,31.8,27.5,39.5,0,,,3.4,,996.3,
2024-06-30 00:00:00,32.4,26.3,37,18,,,5.5,,995.1,
2024-07-01 00:00:00,32.2,21,36.5,49,,,5.9,,993.4,
2024-07-02 00:00:00,35.3,25.5,39,0,,,4.5,,991.2,
2024-07-03 00:00:00,33.7,27,39,0,,,7.4,,992.8,
2024-07-04 00:00:00,31.2,24.5,34.5,3,,,9.5,,997.4,
2024-07-05 00:00:00,30.3,27,34.5,0,,,5.9,,995.3,
2024-07-06 00:00:00,26.4,21.8,28.5,16.5,,,4.5,,994.2,
2024-07-07 00:00:00,31.3,23.5,34,4.3,,,2.8,,997.1,
2024-07-08 00:00:00,33.1,27,37,0,,,1.1,,999.3,
2024-07-09 00:00:00,33.6,29,37,0,,,2.5,,1001.3,
2024-07-10 00:00:00,31.6,27,37.5,0,,,3,,1000.8,
2024-07-11 00:00:00,34.4,26,39.5,5.3,,,1.7,,997.4,
2024-07-12 00:00:00,27.7,23,33,30.2,,,7.1,,995.1,
2024-07-13 00:00:00,29.8,25,34.5,0,,,1.3,,996.2,
2024-07-14 00:00:00,32.9,26.7,37,0,,,1.4,,996.2,
2024-07-15 00:00:00,33.3,29,38.5,0,,,1.9,,998.4,
2024-07-16 00:00:00,34.7,29.5,38,0,,,2,,999.3,
2024-07-17 00:00:00,35.8,31.5,38.5,0,,,2.4,,998.8,
2024-07-18 00:00:00,32.4,28,37.5,0,,,5.8,,997.2,
2024-07-19 00:00:00,34.6,27.5,38.5,0,,,1,,996,
2024-07-20 00:00:00,35.2,31.4,38.5,0,,,2.3,,996.7,
2024-07-21 00:00:00,33,28,37.5,0,,,3.5,,996.7,
2024-07-22 00:00:00,33.8,30,37.5,8.6,,,6.2,,996.6,
2024-07-23 00:00:00,30.2,25,34.5,2,,,7.5,,996.5,
2024-07-24 00:00:00,32.9,24,38,11.7,,,1.5,,992.9,
2024-07-25 00:00:00,33.7,31.5,38.5,0,,,2.6,,991.7,
2024-07-26 00:00:00,32.8,25,38,55.6,,,3.4,,993,
2024-07-27 00:00:00,32.5,28,37,0,,,5.3,,995.2,
2024-07-28 00:00:00,30.9,27,35,0,,,2.5,,996.7,
2024-07-29 00:00:00,31.4,26,36,55.1,,,3,,996.7,
2024-07-30 00:00:00,33.4,28,37.5,0,,,1.9,,997.9,
2024-07-31 00:00:00,34.7,30,37.7,0,,,1.2,,996.9,
2024-08-01 00:00:00,28.7,25,34,47.3,,,6.8,,997,
2024-08-02 00:00:00,31.2,24.7,35.5,11.7,,,2.9,,996.8,
2024-08-03 00:00:00,31.4,27.5,35,0,,,6.2,,998.2,
2024-08-04 00:00:00,30.2,28.2,34.8,0,,,4.2,,1000.4,
2024-08-05 00:00:00,32.6,27,36,0,,,3,,1000.4,
2024-08-06 00:00:00,32.2,27.8,35.5,0,,,4.1,,997.9,
2024-08-07 00:00:00,30.6,29,35,0,,,3.1,,998.4,
2024-08-08 00:00:00,30.8,26,34,2.3,,,3,,1000.9,
2024-08-09 00:00:00,31.4,29.5,35,0,,,2.9,,1001.9,
2024-08-10 00:00:00,30.9,28,35,0,,,0.8,,1000.7,
2024-08-11 00:00:00,27.7,23.8,30,44.7,,,4.3,,999.8,
2024-08-12 00:00:00,29.5,25.7,32.4,0.9,,,1.6,,1001.3,
2024-08-13 00:00:00,31.7,27,35,0,,,1.7,,1002.2,
2024-08-14 00:00:00,32.2,28,36.5,0,,,2.8,,1002.3,
2024-08-15 00:00:00,30.6,28,35,0,,,3.3,,1001.6,
2024-08-16 00:00:00,31.4,28,35.5,0,,,4,,1000.8,
2024-08-17 00:00:00,28.9,26,33.5,19.8,,,2.8,,1003.2,
2024-08-18 00:00:00,30.1,26.5,35,3.6,,,0.8,,1003.8,
2024-08-19 00:00:00,29.4,27,34,0,,,2.2,,1002.5,
2024-08-20 00:00:00,31.1,28,35,6.6,,,1.1,,1002,
2024-08-21 00:00:00,30,25,35.5,23.9,,,2.9,,1003.7,
2024-08-22 00:00:00,32,26.2,36,0,,,2.1,,1002.6,
2024-08-23 00:00:00,30.8,26.5,35.5,0,,,1.2,,1002.9,
2024-08-24 00:00:00,31.7,27.5,36,2.8,,,0.7,,1003.1,
2024-08-25 00:00:00,32.1,27.5,36,0,,,1.2,,1001.5,
2024-08-26 00:00:00,31.3,29,36,0,,,2.5,,1001.2,
2024-08-27 00:00:00,28.6,26,35,0,,,3.8,,1004,
2024-08-28 00:00:00,27.8,24.2,33.2,6.1,,,3.1,,1004.4,
2024-08-29 00:00:00,25.6,23,29.5,8.1,,,2.4,,1003.1,
2024-08-30 00:00:00,28.7,24.5,33.2,20.3,,,1.9,,1004.7,
2024-08-31 00:00:00,31.1,26,34.4,0,,,2,,1004.9,
2024-09-01 00:00:00,31.6,27.5,35.5,0,,,1.1,,1003.7,
2024-09-02 00:00:00,29.3,28,35,0,,,1.6,,1003.7,
2024-09-03 00:00:00,26.2,23.6,33.5,50.3,,,3.1,,1004.7,
2024-09-04 00:00:00,29.4,24,33.4,9.7,,,0.2,,1003.5,
2024-09-05 00:00:00,30.6,25,33.8,0,,,0.4,,1000.6,
2024-09-06 00:00:00,30.1,26.5,34.5,6.1,,,0.5,,1002.3,
2024-09-07 00:00:00,29.8,24.5,34.5,11.7,,,0.7,,1004.2,
2024-09-08 00:00:00,29.8,24.8,35,0,,,1.2,,1003.8,
2024-09-09 00:00:00,32.2,26.4,36.3,0,,,1.1,,1001.2,
2024-09-10 00:00:00,29.3,28,35,0,,,1.2,,1000.9,
2024-09-11 00:00:00,31,25.5,35.5,2,,,1.2,,1001.3,
2024-09-12 00:00:00,31.6,26.7,37,0,,,2.3,,999.2,
2024-09-13 00:00:00,30.8,27,35,0,,,3.2,,998.7,
2024-09-14 00:00:00,30.2,24,34.5,0,,,4.8,,1000.9,
2024-09-15 00:00:00,30.4,26.2,35,0,,,2.4,,1002.2,
2024-09-16 00:00:00,31.8,28,36,0,,,1.6,,1003.6,
2024-09-17 00:00:00,31.9,27,36.6,0,,,1.9,,1005,
2024-09-18 00:00:00,31,27,36,0,,,1,,1004.8,
2024-09-19 00:00:00,30.3,27,35.5,0,,,2.4,,1005.7,
2024-09-20 00:00:00,31.6,25,37,0,,,1.2,,1004.8,
2024-09-21 00:00:00,32.2,27.5,36,0,,,1.1,,1005.4,
2024-09-22 00:00:00,31.4,27.4,36.5,0,,,1.4,,1005,
2024-09-23 00:00:00,32.3,28.5,37,0,,,1.8,,1004.4,
2024-09-24 00:00:00,33.9,29.4,38,0,,,1.4,,1003,
2024-09-25 00:00:00,33.2,27.5,37,0,,,1,,1002.8,
2024-09-26 00:00:00,30.5,29,34,0,,,3.9,,1003.4,
2024-09-27 00:00:00,27.7,26,32.5,0,,,2.5,,1003.4,
2024-09-28 00:00:00,26.2,23,31.5,2.3,,,2.5,,1005.2,
2024-09-29 00:00:00,29.7,24.7,33.6,2.3,,,0.8,,1008.4,
2024-09-30 00:00:00,29.9,24.5,34.5,0,,,1.9,,1007.6,
2024-10-01 00:00:00,30.9,26.4,36.5,0,,,2.5,,1004.1,
2024-10-02 00:00:00,31.2,25.6,37,0,,,1.4,,1003.6,
2024-10-03 00:00:00,30.4,25.5,37,0,,,1.5,,1002.8,
2024-10-04 00:00:00,30.1,25.4,36,0,,,0.4,,1003.8,
2024-10-05 00:00:00,29.7,25,34.8,0,,,2.9,,1006.3,
2024-10-06 00:00:00,26.4,20,31.1,6.9,,,2,,1010.8,
2024-10-07 00:00:00,28,21.8,33.5,0,,,0.2,,1012.6,
2024-10-08 00:00:00,27.4,23.5,33.5,0,,,2.6,,1012.5,
2024-10-09 00:00:00,27.8,22.6,33,0,,,2,,1010.6,
2024-10-10 00:00:00,26.9,21.2,33.5,0,,,1.5,,1009.6,
2024-10-11 00:00:00,26.8,21,34,0,,,1.7,,1009.2,
2024-10-12 00:00:00,27.3,21.5,34.6,0,,,0.9,,1009.4,
2024-10-13 00:00:00,26.9,21.5,35,0,,,0.9,,1010.4,
2024-10-14 00:00:00,28.3,21.6,34,0,,,1.4,,1011.1,
2024-10-15 00:00:00,26.2,21.8,34,0,,,1.3,,1010.2,
2024-10-16 00:00:00,28.1,20.5,34.5,0,,,1.4,,1008.4,
2024-10-17 00:00:00,28.2,20.5,34,0,,,1.8,,1009.2,
2024-10-18 00:00:00,26.2,20.4,33.5,0,,,0.2,,1009.4,
2024-10-19 00:00:00,26.2,20.6,33,0,,,0.2,,1010.2,
2024-10-20 00:00:00,27.4,21.5,33.6,0,,,0.4,,1011.4,
2024-10-21 00:00:00,26.8,22,34,0,,,0.3,,1012.1,
2024-10-22 00:00:00,26.4,22,33,0,,,0.4,,1013,
2024-10-23 00:00:00,25.8,22,32.5,0,,,0.8,,1013.2,
2024-10-24 00:00:00,27.3,22.5,33.2,0,,,2.2,,1012.1,
2024-10-25 00:00:00,27.6,19.5,34.5,0,,,2,,1010.6,
2024-10-26 00:00:00,29.2,22.5,35,0,,,1,,1010,
2024-10-27 00:00:00,26.7,20,34.4,0,,,0.3,,1009.1,
2024-10-28 00:00:00,26.8,20.2,32,0,,,1.2,,1007.9,
2024-10-29 00:00:00,27.1,20.8,32.5,0,,,1.2,,1008.6,
2024-10-30 00:00:00,27.4,22,33.5,0,,,1.4,,1010,
2024-10-31 00:00:00,26.5,20.5,33,0,,,1.7,,1011.6,
2024-11-01 00:00:00,24.5,18.8,33,0,,,1,,1011.5,
2024-11-02 00:00:00,25.6,17.6,32.4,0,,,0.6,,1012.7,
2024-11-03 00:00:00,24.8,18.5,31.3,0,,,0.2,,1014.1,
2024-11-04 00:00:00,25.1,18.4,31.8,0,,,0.6,,1012.4,
2024-11-05 00:00:00,24.6,18.5,30.5,0,,,0.9,,1014.3,
2024-11-06 00:00:00,24.3,18.3,31.1,0,,,0.2,,1014.8,
2024-11-07 00:00:00,23.2,18.5,29,0,,,0.2,,1014,
2024-11-08 00:00:00,22.1,18.5,27.4,0,,,0,,1013.9,
2024-11-09 00:00:00,22.5,18.5,26.7,0,,,0.4,,1014.1,
2024-11-10 00:00:00,22.6,19.4,27,0,,,0.3,,1014.3,
2024-11-11 00:00:00,22.3,19,26.5,0,,,1.2,,1013.5,
2024-11-12 00:00:00,21.2,18.8,25.8,0,,,0.9,,1013.9,
2024-11-13 00:00:00,20.2,17,24.5,0,,,1.1,,1013,
2024-11-14 00:00:00,18.7,16.5,22,0,,,0.2,,1015,
2024-11-15 00:00:00,18.7,16.2,21.8,0,,,0.4,,1015,
2024-11-16 00:00:00,18.5,15.5,22,0,,,0.8,,1013.9,
2024-11-17 00:00:00,18.2,13.8,24.8,0,,,0.9,,1014.7,
2024-11-18 00:00:00,18.6,14.5,24.5,0,,,0.5,,1015.7,
2024-11-19 00:00:00,18.6,13.7,25.4,0,,,0.7,,1016.6,
2024-11-20 00:00:00,18.4,13.4,25.3,0,,,0.5,,1015.6,
2024-11-21 00:00:00,18.9,13.7,25.8,0,,,0.3,,1015,
2024-11-22 00:00:00,18.1,13,25.5,0,,,0.4,,1014.4,
2024-11-23 00:00:00,18.8,13.5,25,0,,,1.9,,1014.6,
2024-11-24 00:00:00,19.3,14,25.5,0,,,0.5,,1015.5,
2024-11-25 00:00:00,19.1,13,26.5,0,,,0.8,,1015.6,
2024-11-26 00:00:00,19.4,13.5,27,0,,,0.8,,1015.2,
2024-11-27 00:00:00,16.9,12.2,26.5,0,,,0.8,,1014.8,
2024-11-28 00:00:00,16.6,12.2,25.6,0,,,0,,1016.5,
2024-11-29 00:00:00,17.8,12,25.5,0,,,0.4,,1017.7,
2024-11-30 00:00:00,19.5,12.6,25,0,,,1.1,,1016.1,
2024-12-01 00:00:00,18.1,13.6,25,0,,,0.2,,1013.9,
2024-12-02 00:00:00,18.4,13,26.5,0,,,0.2,,1014.1,
2024-12-03 00:00:00,18.9,13.2,25.5,0,,,2.8,,1016.6,
2024-12-04 00:00:00,17.7,12.7,25,0,,,1.4,,1015.9,
2024-12-05 00:00:00,15.4,9.8,25,0,,,1.1,,1014.6,
2024-12-06 00:00:00,15.2,9.5,24.2,0,,,0.6,,1013.9,
2024-12-07 00:00:00,13.8,8.5,23.5,0,,,0.5,,1012.7,
2024-12-08 00:00:00,13.9,8,21.5,0,,,1.8,,1012.8,
2024-12-09 00:00:00,12.3,7.6,20.5,0,,,1,,1017,
2024-12-10 00:00:00,13.7,6.8,21,0,,,0.6,,1019.4,
2024-12-11 00:00:00,13.1,6.5,21.5,0,,,1,,1018.7,
2024-12-12 00:00:00,13.5,8,20,,,,1.1,,1018.4,
2024-12-13 00:00:00,12.8,6.5,22,0,,,1.7,,1019.7,
2024-12-14 00:00:00,13.2,7.2,22.5,0,,,1.1,,1018.7,
2024-12-15 00:00:00,13.9,6.8,23,0,,,0.4,,1019.7,
2024-12-16 00:00:00,12.2,4.9,20.5,0,,,0.6,,1018.6,
2024-12-17 00:00:00,12.4,4.8,20.5,0,,,0.8,,1017.5,
2024-12-18 00:00:00,12.2,6.8,18.8,0,,,0.2,,1016.7,
2024-12-19 00:00:00,11.3,1,19.5,0,,,0.8,,1016.2,
2024-12-20 00:00:00,13.7,4.2,19.5,0,,,0.2,,1017.5,
2024-12-21 00:00:00,13.1,8.5,21.2,0,,,0.4,,1016.9,
2024-12-22 00:00:00,13.6,8,20,0,,,0.2,,1015.9,
2024-12-23 00:00:00,12.5,10,17,2.7,,,1.6,,1017.3,
2024-12-24 00:00:00,13.6,6.4,19.5,0,,,0.9,,1018.9,
2024-12-25 00:00:00,15.1,7.5,21.5,0,,,0.1,,1020.4,
2024-12-26 00:00:00,14.5,8,22,0,,,0,,1021.4,
2024-12-27 00:00:00,11.9,8.5,14,0,,,1.1,,1020.5,
2024-12-28 00:00:00,11.4,9,16.5,7.1,,,0.3,,1020.4,
2024-12-29 00:00:00,10.8,7.5,17,0,,,1.5,,1022.3,
2024-12-30 00:00:00,10,7,14.2,0,,,1.5,,1020.7,
2024-12-31 00:00:00,11.2,7,14.6,0,,,0.2,,1021.5,
2025-01-01 00:00:00,10.1,7.2,13.5,0,,,0.2,,1019.9,
2025-01-02 00:00:00,11.1,6.2,16.7,0,,,0,,1019,
2025-01-03 00:00:00,13,10,18.5,0,,,0,,1018.5,
2025-01-04 00:00:00,12.9,8,17.5,0,,,0.8,,1015.9,
2025-01-05 00:00:00,11.7,8,14,0,,,0.6,,1016,
2025-01-06 00:00:00,11.8,8.5,14.5,2.5,,,1.4,,1018.6,
2025-01-07 00:00:00,11.1,6.4,19.5,0,,,1.6,,1018.6,
2025-01-08 00:00:00,13.9,6.5,22.8,0,,,0.9,,1015.9,
2025-01-09 00:00:00,12.3,6.3,18,0,,,0.4,,1018.1,
2025-01-10 00:00:00,9.7,7,14.5,0,,,0.9,,1020.2,
2025-01-11 00:00:00,11.9,6.8,14.5,0,,,2.8,,1019.7,
2025-01-12 00:00:00,12.7,10,18.2,0,,,1.2,,1020.9,
2025-01-13 00:00:00,13.4,7.4,21,0,,,1.2,,1020.6,
2025-01-14 00:00:00,14.3,7.8,21,0,,,0.6,,1019.4,
2025-01-15 00:00:00,14.3,7,21.4,0,,,0.2,,1020.4,
2025-01-16 00:00:00,10.6,7.5,13.4,0,,,0.1,,1021.9,
2025-01-17 00:00:00,12.2,7,18,0,,,2,,1022.6,
2025-01-18 00:00:00,13.6,7.5,20,0,,,0.6,,1018.8,
2025-01-19 00:00:00,13.3,7,18,0,,,0.2,,1018.5,
2025-01-20 00:00:00,16.4,8.5,22.5,0,,,1.4,,1016.7,
2025-01-21 00:00:00,15.2,10.5,23,0,,,1.4,,1015.1,
2025-01-22 00:00:00,14.9,10.5,24,0,,,1.2,,1014.3,
2025-01-23 00:00:00,16.7,10.6,23,0,,,1.8,,1016.4,
2025-01-24 00:00:00,16,9.5,23,0,,,1.8,,1016.4,
2025-01-25 00:00:00,14.3,7.5,24,0,,,0.4,,1015,
2025-01-26 00:00:00,13.6,7,24.5,0,,,1,,1014.8,
2025-01-27 00:00:00,13,7.2,24.5,0,,,0.8,,1013.7,
2025-01-28 00:00:00,15.7,7.4,25,0,,,0.5,,1012.5,
2025-01-29 00:00:00,15.5,10,22,0,,,1.9,,1013.9,
2025-01-30 00:00:00,17.7,11,23.5,0,,,0.5,,1012,
2025-01-31 00:00:00,16.4,9.5,22.5,0,,,0.6,,1010.9,
2025-02-01 00:00:00,14.2,9.8,21.2,0,,,1.1,,1014.1,
2025-02-02 00:00:00,15.3,9.4,22.5,0,,,1.4,,1016.8,
2025-02-03 00:00:00,15.4,7.5,23,0,,,1.3,,1014.8,
2025-02-04 00:00:00,15.7,7.5,21,0,,,1.4,,1015.9,
2025-02-05 00:00:00,14.8,9,22.1,0,,,0.6,,1016.3,
2025-02-06 00:00:00,14.8,8.4,22.5,0,,,2.3,,1018.9,
2025-02-07 00:00:00,15.8,8.6,23.5,0,,,2.4,,1017.7,
2025-02-08 00:00:00,17.6,9.8,25,0,,,1.4,,1016,
2025-02-09 00:00:00,17.7,9.2,26.2,0,,,0.8,,1014.8,
2025-02-10 00:00:00,16.8,9.7,24.5,0,,,0.5,,1014.2,
2025-02-11 00:00:00,17.6,12,25.5,0,,,1.8,,1014.4,
2025-02-12 00:00:00,17.5,11,25,0,,,2.4,,1015.8,
2025-02-13 00:00:00,17.9,11.2,25,0,,,1.4,,1016,
2025-02-14 00:00:00,19.7,9.5,27,0,,,1.1,,1013.7,
2025-02-15 00:00:00,19.7,12.5,26.8,0,,,2,,1011.1,
2025-02-16 00:00:00,17.9,13,26,0,,,1.2,,1012.8,
2025-02-17 00:00:00,20.3,11.8,27.5,0,,,1.9,,1015.5,
2025-02-18 00:00:00,21.4,13,27.5,0,,,1.1,,1015,
2025-02-19 00:00:00,19.9,13.6,26.5,0,,,2.4,,1012.6,
2025-02-20 00:00:00,13.6,12,16.6,12.7,,,6.6,,1014,
2025-02-21 00:00:00,15.4,8.5,22,9.1,,,1.7,,1018.8,
2025-02-22 00:00:00,17.7,9.5,24,0,,,2.5,,1017,
2025-02-23 00:00:00,19.4,11.5,25.5,0,,,1.2,,1017.4,
2025-02-24 00:00:00,20.3,11.5,27,0,,,1.3,,1018.5,
2025-02-25 00:00:00,18.3,13,21.5,1.5,,,2.7,,1018.9,
2025-02-26 00:00:00,21.4,15.5,26.5,1,,,4.2,,1017,
2025-02-27 00:00:00,19,17,22.5,0,,,3.8,,1014.2,
2025-02-28 00:00:00,17.8,15.5,21,13.9,,,1.8,,1011,
2025-03-01 00:00:00,17.9,11,24.3,4.3,,,1.5,,1015,
2025-03-02 00:00:00,18,11.5,25,0,,,1.7,,1013.7,
2025-03-03 00:00:00,16.4,14.5,21.5,0.3,,,3.2,,1011.7,
2025-03-04 00:00:00,16.4,11,22.5,1,,,5.7,,1015.2,
2025-03-05 00:00:00,16.6,10.4,24,0,,,5.3,,1015.8,
2025-03-06 00:00:00,19.3,11.3,28,0,,,1.7,,1012.3,
2025-03-07 00:00:00,20,11.9,27.5,0,,,2.4,,1010.9,
2025-03-08 00:00:00,20.9,13.5,29.5,0,,,2.2,,1008.6,
2025-03-09 00:00:00,22.4,13.2,29,0,,,1.5,,1011.6,
2025-03-10 00:00:00,23.4,16,29,0,,,2.9,,1015.2,
2025-03-11 00:00:00,22.6,17.1,27,0,,,2,,1014.6,
2025-03-12 00:00:00,23.6,17.5,28.4,0,,,1.5,,1010.2,
2025-03-13 00:00:00,22.9,17.3,30,0,,,2.5,,1008,
2025-03-14 00:00:00,20.6,17,26,0,,,3.7,,1010.1,
2025-03-15 00:00:00,21.1,14.6,26,0,,,2.8,,1012.6,
2025-03-16 00:00:00,22,14.5,28,0,,,2.6,,1013.4,
2025-03-17 00:00:00,21.1,15.3,29,0,,,1.8,,1013,
2025-03-18 00:00:00,22.7,16,30,0,,,2.3,,1012.9,
2025-03-19 00:00:00,24.1,18,30.5,0,,,1.7,,1012.7,
2025-03-20 00:00:00,24.8,16,31,0,,,2.5,,1014,
2025-03-21 00:00:00,25.8,17.5,31,0,,,2.9,,1013.7,
2025-03-22 00:00:00,24.6,18,32.8,0,,,1.5,,1011.9,
2025-03-23 00:00:00,23.7,16.5,32.5,0,,,1.8,,1013.6,
2025-03-24 00:00:00,24.2,16.5,33,0,,,1.1,,1013.1,
2025-03-25 00:00:00,26.9,18,33.5,0,,,2,,1009.5,
2025-03-26 00:00:00,27.5,20,34,0,,,4.7,,1005.4,
2025-03-27 00:00:00,26.4,21.5,34,0,,,6.5,,1004.8,
2025-03-28 00:00:00,21.7,19,26.5,0,,,5.6,,1009.8,
2025-03-29 00:00:00,22.4,13,28.5,0,,,6.5,,1011.4,
2025-03-30 00:00:00,25.4,15,32,0,,,2.2,,1010.4,
2025-03-31 00:00:00,26.3,16,33,0,,,2,,1010.8,
2025-04-01 00:00:00,25.6,17.5,33.2,0,,,2.4,,1009.4,
2025-04-02 00:00:00,26,17,34.2,0,,,1.7,,1009.9,
2025-04-03 00:00:00,26.6,18.5,32,0,,,4.2,,1011.4,
2025-04-04 00:00:00,27.9,18,34,0,,,3.7,,1011.9,
2025-04-05 00:00:00,29.4,20,36,0,,,2.8,,1008.2,
2025-04-06 00:00:00,29,20,37.5,0,,,2.1,,1005.4,
2025-04-07 00:00:00,28.8,22,38.5,0,,,1.2,,1006.4,
2025-04-08 00:00:00,31.8,24,38.5,0,,,2.1,,1008.8,
2025-04-09 00:00:00,32.1,26.5,39,0.3,,,2.4,,1007.7,
2025-04-10 00:00:00,31.6,26.6,38,0.8,,,2.6,,1002.4,
2025-04-11 00:00:00,25.5,21,31,3.3,,,6.9,,1002.4,
2025-04-12 00:00:00,26.8,18.5,35,6.1,,,3,,1005.4,
2025-04-13 00:00:00,27.7,19.2,35.5,0,,,0.9,,1007.7,
2025-04-14 00:00:00,31.6,22.4,37.5,0,,,1.4,,1006.4,
2025-04-15 00:00:00,32.1,27,38,0,,,1.1,,1006.5,
2025-04-16 00:00:00,30.6,26,39.5,0,,,5.6,,1005.2,
2025-04-17 00:00:00,29.9,22.1,38.5,0,,,2.3,,1003.6,
2025-04-18 00:00:00,32,26.5,38,,,,3.5,,1000.5,
2025-04-19 00:00:00,31.9,24,39,0,,,8.7,,999.4,
2025-04-20 00:00:00,31,24.2,38,,,,5.8,,1002.6,
2025-04-21 00:00:00,30.5,21.4,38.3,0,,,1.8,,1007.2,
2025-04-22 00:00:00,28.8,21,38,0,,,2.5,,1007.8,
2025-04-23 00:00:00,31.6,23.5,39,0,,,1.8,,1005.2,
2025-04-24 00:00:00,32,23.5,39,0,,,0.9,,1002.3,
2025-04-25 00:00:00,31.5,22.5,40.5,0,,,1.9,,1003.4,
2025-04-26 00:00:00,32.7,24,39.5,0,,,2.4,,1003.3,
2025-04-27 00:00:00,30.6,23.5,39.5,0,,,2,,1004.4,
2025-04-28 00:00:00,33.3,25,41,0,,,1.5,,1002.7,
2025-04-29 00:00:00,32.8,27,39,0,,,4.6,,1002.3,
2025-04-30 00:00:00,33.1,27,39,0,,,3.6,,1004.1,
2025-05-01 00:00:00,32.9,23,38.8,0,,,6.1,,1005.4,
